 {
    "info": {
         "version": 1,
         "author": "MAME4iOS",
         "description": "Default button layout for MAME4iOS and MAME4mac"
    },
    "portrait" : {
        "A" : "767,682,180",
        "Y" : "767,330,180",
        "B" : "884,506,180",
        "X" : "650,506,180",
        "L1" : "540,682,180",
        "R1" : "650,840,180",
        "A+Y" : "0,0,0",
        "A+X" : "0,0,0",
        "B+Y" : "0,0,0",
        "B+X" : "0,0,0",
        "A+B" : "0,0,0",
        "SELECT" : "100,113,220",
        "EXIT" : "408,113,220",
        "OPTION" : "598,113,220",
        "START" : "900,113,220",
        "STICK" : "250,600,450"
    },
    "portrait_tall" : {
        "A" : "671,742,200",
        "X" : "657,440,200",
        "B" : "857,667,200",
        "Y" : "844,365,200",
        "L1" : "500,300,0",
        "R1" : "500,500,0",
        "A+Y" : "0,0,0",
        "A+X" : "0,0,0",
        "B+Y" : "0,0,0",
        "B+X" : "0,0,0",
        "A+B" : "0,0,0",
        "START" : "877,110,250",
        "SELECT" : "123,110,250",
        "EXIT" : "342,110,250",
        "OPTION" : "659,110,250",
        "STICK" : "259,601,448"
    },
    "landscape" : {
        "A" : "904,890,110",
        "B" : "948,770,110",
        "X" : "800,890,110",
        "Y" : "841,770,110",
        "L1" : "696,890,110",
        "R1" : "737,770,110",
        "B+X" : "0,0,0",
        "A+Y" : "0,0,0",
        "B+Y" : "0,0,0",
        "A+X" : "0,0,0",
        "A+B" : "0,0,0",
        "EXIT" : "60,54,120",
        "OPTION" : "938,61,120",
        "START" : "938,121,120",
        "SELECT" : "60,114,120",
        "STICK" : "145,818,226"
    },
    "landscape_wide" : {
        "A" : "870,873,110",
        "B" : "927,700,110",
        "X" : "771,871,110",
        "Y" : "827,703,110",
        "L1" : "671,871,110",
        "R1" : "727,703,110",
        "A+X" : "0,0,0",
        "A+Y" : "0,0,0",
        "B+X" : "0,0,0",
        "B+Y" : "0,0,0",
        "A+B" : "0,0,0",
        "SELECT" : "100,145,150",
        "EXIT" : "100,44,150",
        "OPTION" : "927,44,150",
        "START" : "927,145,150",
        "STICK" : "100,788,250"
    }
}
